{
  "save": {
    "en": "Save",
    "cn": "保存",
    "ja": "セーブ",
    "kr": "구하다"
  },
  "confirm": {
    "en": "Confirm",
    "cn": "确认",
    "ja": "確認",
    "kr": "확인"
  },
  "cancel": {
    "en": "Cancel",
    "cn": "取消",
    "ja": "キャンセル",
    "kr": "취소"
  },
  "delete": {
    "en": "Delete",
    "cn": "删除",
    "ja": "削除",
    "kr": "삭제"
  },
  "loading": {
    "en": "Loading...",
    "cn": "加载中...",
    "ja": "読み込み中...",
    "kr": "로딩 중..."
  },
  "vanCalendar.end": {
    "en": "End",
    "cn": "结束",
    "ja": "終了",
    "kr": "끝"
  },
  "vanCalendar.start": {
    "en": "Start",
    "cn": "开始",
    "ja": "開始",
    "kr": "시작"
  },
  "vanCalendar.title": {
    "en": "Calendar",
    "cn": "日期选择",
    "ja": "日付選択",
    "kr": "달력"
  },
  "vanCalendar.Sun": {
    "en": "Sun",
    "cn": "日",
    "ja": "日",
    "kr": "일요일"
  },
  "vanCalendar.Mon": {
    "en": "Mon",
    "cn": "一",
    "ja": "月",
    "kr": "월요일"
  },
  "vanCalendar.Tue": {
    "en": "Tue",
    "cn": "二",
    "ja": "火",
    "kr": "화요일"
  },
  "vanCalendar.Wed": {
    "en": "Wed",
    "cn": "三",
    "ja": "水",
    "kr": "수요일"
  },
  "vanCalendar.Thu": {
    "en": "Thu",
    "cn": "四",
    "ja": "木",
    "kr": "목요일"
  },
  "vanCalendar.Fri": {
    "en": "Fri",
    "cn": "五",
    "ja": "金",
    "kr": "금요일"
  },
  "vanCalendar.Sat": {
    "en": "Sat",
    "cn": "六",
    "ja": "土",
    "kr": "토요일"
  },
  "vanCalendar.monthTitle": {
    "en": "{0}/{1}",
    "cn": "{0}年{1}月",
    "ja": "{0}年{1}月",
    "kr": "{0}/{1}"
  },
  "vanCalendar.rangePrompt": {
    "en": "Choose no more than {0} days",
    "cn": "最多选择 {0} 天",
    "ja": "{0}日まで選択",
    "kr": "{0} 일 이내로 선택"
  },
  "vanCascader.select": {
    "en": "Select",
    "cn": "请选择",
    "ja": "選択する",
    "kr": "선택하다"
  },
  //preview
  "Calendar_MonthHeaderFormat": {
    "en": "yyyy/M",
    "cn": "yyyy年M月",
    "ja": "yyyy/M",
    "kr": "yyyy/M"
  }
}